{
  "Version": "2012-10-17",
  "Statement": [
    {
      "Effect": "Allow",
      "Principal": {
        "AWS": [
          "*"
        ]
      },
      "Action": [
        "s3:GetBucketLocation",
        "s3:ListBucket"
      ],
      "Resource": [
        "arn:aws:s3:::ahihi"
      ]
    },
    {
      "Effect": "Allow",
      "Principal": {
        "AWS": [
          "*"
        ]
      },
      "Action": [
        "s3:GetObject",
        "s3:PutObject",
        "s3:DeleteObject"
      ],
      "Resource": [
        "arn:aws:s3:::ahihi/*",
        "arn:aws:s3:::ahihi"
      ]
    }
  ]
}